assistance_transaction_unique_key,assistance_award_unique_key,award_id_fain,modification_number,award_id_uri,sai_number,federal_action_obligation,total_obligated_amount,total_outlayed_amount_for_overall_award,indirect_cost_federal_share_amount,non_federal_funding_amount,total_non_federal_funding_amount,face_value_of_loan,original_loan_subsidy_cost,total_face_value_of_loan,total_loan_subsidy_cost,generated_pragmatic_obligations,disaster_emergency_fund_codes_for_overall_award,outlayed_amount_from_COVID-19_supplementals_for_overall_award,obligated_amount_from_COVID-19_supplementals_for_overall_award,outlayed_amount_from_IIJA_supplemental_for_overall_award,obligated_amount_from_IIJA_supplemental_for_overall_award,action_date,action_date_fiscal_year,period_of_performance_start_date,period_of_performance_current_end_date,awarding_agency_code,awarding_agency_name,awarding_sub_agency_code,awarding_sub_agency_name,awarding_office_code,awarding_office_name,funding_agency_code,funding_agency_name,funding_sub_agency_code,funding_sub_agency_name,funding_office_code,funding_office_name,treasury_accounts_funding_this_award,federal_accounts_funding_this_award,object_classes_funding_this_award,program_activities_funding_this_award,recipient_uei,recipient_duns,recipient_name,recipient_name_raw,recipient_parent_uei,recipient_parent_duns,recipient_parent_name,recipient_parent_name_raw,recipient_country_code,recipient_country_name,recipient_address_line_1,recipient_address_line_2,recipient_city_code,recipient_city_name,prime_award_transaction_recipient_county_fips_code,recipient_county_name,prime_award_transaction_recipient_state_fips_code,recipient_state_code,recipient_state_name,recipient_zip_code,recipient_zip_last_4_code,prime_award_transaction_recipient_cd_original,prime_award_transaction_recipient_cd_current,recipient_foreign_city_name,recipient_foreign_province_name,recipient_foreign_postal_code,primary_place_of_performance_scope,primary_place_of_performance_country_code,primary_place_of_performance_country_name,primary_place_of_performance_code,primary_place_of_performance_city_name,prime_award_transaction_place_of_performance_county_fips_code,primary_place_of_performance_county_name,prime_award_transaction_place_of_performance_state_fips_code,primary_place_of_performance_state_name,primary_place_of_performance_zip_4,prime_award_transaction_place_of_performance_cd_original,prime_award_transaction_place_of_performance_cd_current,primary_place_of_performance_foreign_location,cfda_number,cfda_title,funding_opportunity_number,funding_opportunity_goals_text,assistance_type_code,assistance_type_description,transaction_description,prime_award_base_transaction_description,business_funds_indicator_code,business_funds_indicator_description,business_types_code,business_types_description,correction_delete_indicator_code,correction_delete_indicator_description,action_type_code,action_type_description,record_type_code,record_type_description,highly_compensated_officer_1_name,highly_compensated_officer_1_amount,highly_compensated_officer_2_name,highly_compensated_officer_2_amount,highly_compensated_officer_3_name,highly_compensated_officer_3_amount,highly_compensated_officer_4_name,highly_compensated_officer_4_amount,highly_compensated_officer_5_name,highly_compensated_officer_5_amount,usaspending_permalink,initial_report_date,last_modified_date
7526_D8732143_D8732143-2830248990_93.059_03,ASST_NON_D8732143_075,D8732143,03,D8732143-2096039706,SAI UNAVAILABLE,-310999.00,1388205.36,814856.50,0.00,0.00,0.00,0.00,0.00,0.00,0.00,-310999.00,Q: Not Designated Nonemergency/Emergency/Disaster/Wildfire Suppression,,,,,2024-05-13,2024,2018-09-01,2028-08-31,075,Department of Health and Human Services,7526,Health Resources and Services Administration,75RJ00,HRSA Office of Federal Assistance Management,075,Department of Health and Human Services,7526,Health Resources and Services Administration,75RQ00,HRSA BUREAU OF HEALTH WORKFORCE,075-2019/2019-0353-000;075-2020/2020-0353-000;075-2021/2021-0353-000;075-2022/2022-0353-000;075-2023/2023-0353-000;075-2024/2024-0353-000;075-2025/2025-0353-000,075-0353,"41.0: Grants, subsidies, and contributions",0015: HEALTH WORKFORCE,H7LMD1ANJNN4,,THE TRUSTEES OF THE UNIVERSITY OF PENNSYLVANIA,TRUSTEES OF THE UNIVERSITY OF PENNSYLVANIA,H7LMD1ANJNN4,,THE TRUSTEES OF THE UNIVERSITY OF PENNSYLVANIA,THE TRUSTEES OF THE UNIVERSITY OF PENNSYLVANIA,USA,UNITED STATES,3451  WALNUT ST  OFC OF,,60000,PHILADELPHIA,42101,PHILADELPHIA,42,PA,PENNSYLVANIA,19104,6205,PA-03,PA-03,,,,CITY-WIDE,USA,UNITED STATES,PA60000,PHILADELPHIA,42101,PHILADELPHIA,42,PENNSYLVANIA,CITY-WIDE,PA-90,PA-90,,93.059,"TRAINING IN GENERAL, PEDIATRIC, AND PUBLIC HEALTH DENTISTRY",HRSA-23-091,NOT APPLICABLE,04,PROJECT GRANT (B),DENTAL FACULTY LOAN REPAYMENT,DENTAL FACULTY LOAN REPAYMENT,NON,NOT RECOVERY ACT,X,OTHER,,,C,REVISION,2,NON-AGGREGATE RECORD,,,,,,,,,,,https://www.usaspending.gov/award/ASST_NON_D8732143_075/,2024-05-20 18:33:24.956986+00,2024-05-20 18:33:24.956986+00
9761_HDTRA12310001_-NONE-_12.351_0,ASST_NON_HDTRA12310001_097,HDTRA12310001,0,,,309655.00,1300000.00,,0.00,0.00,0.00,0.00,0.00,0.00,0.00,309655.00,Q: Not Designated Nonemergency/Emergency/Disaster/Wildfire Suppression,,,,,2022-12-16,2023,2022-12-16,2024-12-15,097,Department of Defense,9761,Defense Threat Reduction Agency,HDTRA1,DEFENSE THREAT REDUCTION AGENCY,097,Department of Defense,9761,Defense Threat Reduction Agency,HDTRA1,DEFENSE THREAT REDUCTION AGENCY,097-2023/2024-0400-000;097-2024/2025-0400-000,097-0400,"41.0: Grants, subsidies, and contributions",0099: N/A,H7LMD1ANJNN4,,THE TRUSTEES OF THE UNIVERSITY OF PENNSYLVANIA,THE TRUSTEES OF THE UNIVERSITY OF PENNSYLVANIA,H7LMD1ANJNN4,,THE TRUSTEES OF THE UNIVERSITY OF PENNSYLVANIA,THE TRUSTEES OF THE UNIVERSITY OF PENNSYLVANIA,USA,UNITED STATES,3451 WALNUT STREET - ROOM 329,,60000,PHILADELPHIA,42101,PHILADELPHIA,42,PA,PENNSYLVANIA,19104,2653,PA-03,PA-03,,,,SINGLE ZIP CODE,USA,UNITED STATES,PA00000,PHILADELPHIA,42101,PHILADELPHIA,42,PENNSYLVANIA,191046205,PA-03,PA-03,,12.351,SCIENTIFIC RESEARCH - COMBATING WEAPONS OF MASS DESTRUCTION,,,04,PROJECT GRANT (B),NONNEGATIVE MATRIX FACTORIZATION APPROACH TO IDENTIFY HOST-PATHOGEN INTERACTIONSAND DEVELOP MEDICAL COUNTERMEASURES TO STEM OUTBREAKS,NONNEGATIVE MATRIX FACTORIZATION APPROACH TO IDENTIFY HOST-PATHOGEN INTERACTIONSAND DEVELOP MEDICAL COUNTERMEASURES TO STEM OUTBREAKS,NON,NOT RECOVERY ACT,OMQ,PRIVATE INSTITUTION OF HIGHER EDUCATION;NONPROFIT WITH 501C3 IRS STATUS (OTHER THAN AN INSTITUTION OF HIGHER EDUCATION);FOR-PROFIT ORGANIZATION (OTHER THAN SMALL BUSINESS),,,A,NEW,2,NON-AGGREGATE RECORD,,,,,,,,,,,https://www.usaspending.gov/award/ASST_NON_HDTRA12310001_097/,2022-12-20 20:15:35.12299+00,2022-12-20 20:15:35.12299+00
9761_HDTRA12310001_-NONE-_12.351_P00001,ASST_NON_HDTRA12310001_097,HDTRA12310001,P00001,,,0.00,1300000.00,,0.00,0.00,0.00,0.00,0.00,0.00,0.00,0.00,Q: Not Designated Nonemergency/Emergency/Disaster/Wildfire Suppression,,,,,2022-12-16,2023,2022-12-16,2024-12-15,097,Department of Defense,9761,Defense Threat Reduction Agency,HDTRA1,DEFENSE THREAT REDUCTION AGENCY,097,Department of Defense,9761,Defense Threat Reduction Agency,HDTRA1,DEFENSE THREAT REDUCTION AGENCY,097-2023/2024-0400-000;097-2024/2025-0400-000,097-0400,"41.0: Grants, subsidies, and contributions",0099: N/A,H7LMD1ANJNN4,,THE TRUSTEES OF THE UNIVERSITY OF PENNSYLVANIA,THE TRUSTEES OF THE UNIVERSITY OF PENNSYLVANIA,H7LMD1ANJNN4,,THE TRUSTEES OF THE UNIVERSITY OF PENNSYLVANIA,THE TRUSTEES OF THE UNIVERSITY OF PENNSYLVANIA,USA,UNITED STATES,3451 WALNUT STREET - ROOM 329,,60000,PHILADELPHIA,42101,PHILADELPHIA,42,PA,PENNSYLVANIA,19104,2653,PA-03,PA-03,,,,SINGLE ZIP CODE,USA,UNITED STATES,PA00000,PHILADELPHIA,42101,PHILADELPHIA,42,PENNSYLVANIA,191046205,PA-03,PA-03,,12.351,SCIENTIFIC RESEARCH - COMBATING WEAPONS OF MASS DESTRUCTION,,,04,PROJECT GRANT (B),NONNEGATIVE MATRIX FACTORIZATION APPROACH TO IDENTIFY HOST-PATHOGEN INTERACTIONS AND DEVELOP MEDICAL COUNTERMEASURES TO STEM OUTBREAKS,NONNEGATIVE MATRIX FACTORIZATION APPROACH TO IDENTIFY HOST-PATHOGEN INTERACTIONSAND DEVELOP MEDICAL COUNTERMEASURES TO STEM OUTBREAKS,NON,NOT RECOVERY ACT,OMQ,PRIVATE INSTITUTION OF HIGHER EDUCATION;NONPROFIT WITH 501C3 IRS STATUS (OTHER THAN AN INSTITUTION OF HIGHER EDUCATION);FOR-PROFIT ORGANIZATION (OTHER THAN SMALL BUSINESS),,,B,CONTINUATION,2,NON-AGGREGATE RECORD,,,,,,,,,,,https://www.usaspending.gov/award/ASST_NON_HDTRA12310001_097/,2023-07-11 02:52:37.510032+00,2023-07-11 02:52:37.510032+00
9761_HDTRA12310001_-NONE-_12.351_P00002,ASST_NON_HDTRA12310001_097,HDTRA12310001,P00002,,,385990.00,1300000.00,,0.00,0.00,0.00,0.00,0.00,0.00,0.00,385990.00,Q: Not Designated Nonemergency/Emergency/Disaster/Wildfire Suppression,,,,,2024-02-29,2024,2022-12-16,2024-12-16,097,Department of Defense,9761,Defense Threat Reduction Agency,HDTRA1,DEFENSE THREAT REDUCTION AGENCY,097,Department of Defense,9761,Defense Threat Reduction Agency,HDTRA1,DEFENSE THREAT REDUCTION AGENCY,097-2023/2024-0400-000;097-2024/2025-0400-000,097-0400,"41.0: Grants, subsidies, and contributions",0099: N/A,H7LMD1ANJNN4,,THE TRUSTEES OF THE UNIVERSITY OF PENNSYLVANIA,THE TRUSTEES OF THE UNIVERSITY OF PENNSYLVANIA,H7LMD1ANJNN4,,THE TRUSTEES OF THE UNIVERSITY OF PENNSYLVANIA,THE TRUSTEES OF THE UNIVERSITY OF PENNSYLVANIA,USA,UNITED STATES,3451 WALNUT STREET - ROOM 329,,60000,PHILADELPHIA,42101,PHILADELPHIA,42,PA,PENNSYLVANIA,19104,2653,PA-03,PA-03,,,,SINGLE ZIP CODE,USA,UNITED STATES,PA00000,PHILADELPHIA,42101,PHILADELPHIA,42,PENNSYLVANIA,191046205,PA-03,PA-03,,12.351,SCIENTIFIC RESEARCH - COMBATING WEAPONS OF MASS DESTRUCTION,HDTRA1446904,,04,PROJECT GRANT (B),NONNEGATIVE MATRIX FACTORIZATION APPROACH TO IDENTIFY HOST-PATHOGEN INTERACTIONS AND DEVELOP MEDICAL COUNTERMEASURES TO STEM OUTBREAKS,NONNEGATIVE MATRIX FACTORIZATION APPROACH TO IDENTIFY HOST-PATHOGEN INTERACTIONSAND DEVELOP MEDICAL COUNTERMEASURES TO STEM OUTBREAKS,NON,NOT RECOVERY ACT,OMQ,PRIVATE INSTITUTION OF HIGHER EDUCATION;NONPROFIT WITH 501C3 IRS STATUS (OTHER THAN AN INSTITUTION OF HIGHER EDUCATION);FOR-PROFIT ORGANIZATION (OTHER THAN SMALL BUSINESS),,,B,CONTINUATION,2,NON-AGGREGATE RECORD,,,,,,,,,,,https://www.usaspending.gov/award/ASST_NON_HDTRA12310001_097/,2024-03-28 03:27:21.976201+00,2024-03-28 03:27:21.976201+00
9761_HDTRA12310001_-NONE-_12.351_P00003,ASST_NON_HDTRA12310001_097,HDTRA12310001,P00003,,,304355.00,1300000.00,,0.00,0.00,0.00,0.00,0.00,0.00,0.00,304355.00,Q: Not Designated Nonemergency/Emergency/Disaster/Wildfire Suppression,,,,,2024-06-04,2024,2022-12-16,2024-12-16,097,Department of Defense,9761,Defense Threat Reduction Agency,HDTRA1,DEFENSE THREAT REDUCTION AGENCY,097,Department of Defense,9761,Defense Threat Reduction Agency,HDTRA1,DEFENSE THREAT REDUCTION AGENCY,097-2023/2024-0400-000;097-2024/2025-0400-000,097-0400,"41.0: Grants, subsidies, and contributions",0099: N/A,H7LMD1ANJNN4,,THE TRUSTEES OF THE UNIVERSITY OF PENNSYLVANIA,THE TRUSTEES OF THE UNIVERSITY OF PENNSYLVANIA,H7LMD1ANJNN4,,THE TRUSTEES OF THE UNIVERSITY OF PENNSYLVANIA,THE TRUSTEES OF THE UNIVERSITY OF PENNSYLVANIA,USA,UNITED STATES,3451 WALNUT STREET - ROOM 329,,60000,PHILADELPHIA,42101,PHILADELPHIA,42,PA,PENNSYLVANIA,19104,2653,PA-03,PA-03,,,,SINGLE ZIP CODE,USA,UNITED STATES,PA00000,PHILADELPHIA,42101,PHILADELPHIA,42,PENNSYLVANIA,191046205,PA-03,PA-03,,12.351,SCIENTIFIC RESEARCH - COMBATING WEAPONS OF MASS DESTRUCTION,HDTRA11424FRCWMDBAA,"THIS OPPORTUNITY SOLICITS IDEAS AND TOPIC-BASED WHITE PAPERS FOR LONG-TERM CHALLENGES THAT OFFER A SIGNIFICANT CONTRIBUTION TO: THE CURRENT BODY OF KNOWLEDGE, THE UNDERSTANDING OF PHENOMENA AND OBSERVABLE FACTS, SIGNIFICANTLY ADVANCE REVOLUTIONARY TECHNOLOGY, TO NEW CONCEPTS FOR TECHNOLOGY APPLICATION, OR THAT MAY HAVE IMPACT ON FUTURE C-WMD THREAT REDUCTION OR CAPABILITIES.",04,PROJECT GRANT (B),MODIFICATION TO FULLY FUND CLIN 0001.,NONNEGATIVE MATRIX FACTORIZATION APPROACH TO IDENTIFY HOST-PATHOGEN INTERACTIONSAND DEVELOP MEDICAL COUNTERMEASURES TO STEM OUTBREAKS,NON,NOT RECOVERY ACT,OMQ,PRIVATE INSTITUTION OF HIGHER EDUCATION;NONPROFIT WITH 501C3 IRS STATUS (OTHER THAN AN INSTITUTION OF HIGHER EDUCATION);FOR-PROFIT ORGANIZATION (OTHER THAN SMALL BUSINESS),,,B,CONTINUATION,2,NON-AGGREGATE RECORD,,,,,,,,,,,https://www.usaspending.gov/award/ASST_NON_HDTRA12310001_097/,2025-09-04 03:06:39.684021+00,2025-09-04 03:06:39.684021+00
9761_HDTRA12310001_-NONE-_12.351_P00004,ASST_NON_HDTRA12310001_097,HDTRA12310001,P00004,,,0.00,1300000.00,,0.00,0.00,0.00,0.00,0.00,0.00,0.00,0.00,Q: Not Designated Nonemergency/Emergency/Disaster/Wildfire Suppression,,,,,2024-08-26,2024,2022-12-16,2025-05-15,097,Department of Defense,9761,Defense Threat Reduction Agency,HDTRA1,DEFENSE THREAT REDUCTION AGENCY,097,Department of Defense,9761,Defense Threat Reduction Agency,HDTRA1,DEFENSE THREAT REDUCTION AGENCY,097-2023/2024-0400-000;097-2024/2025-0400-000,097-0400,"41.0: Grants, subsidies, and contributions",0099: N/A,H7LMD1ANJNN4,,THE TRUSTEES OF THE UNIVERSITY OF PENNSYLVANIA,THE TRUSTEES OF THE UNIVERSITY OF PENNSYLVANIA,H7LMD1ANJNN4,,THE TRUSTEES OF THE UNIVERSITY OF PENNSYLVANIA,THE TRUSTEES OF THE UNIVERSITY OF PENNSYLVANIA,USA,UNITED STATES,3451 WALNUT STREET - ROOM 329,,60000,PHILADELPHIA,42101,PHILADELPHIA,42,PA,PENNSYLVANIA,19104,2653,PA-03,PA-03,,,,SINGLE ZIP CODE,USA,UNITED STATES,PA00000,PHILADELPHIA,42101,PHILADELPHIA,42,PENNSYLVANIA,191046205,PA-03,PA-03,,12.351,SCIENTIFIC RESEARCH - COMBATING WEAPONS OF MASS DESTRUCTION,NOT APPLICABLE,NOT APPLICABLE,04,PROJECT GRANT (B),NONNEGATIVE MATRIX FACTORIZATION APPROACH TO IDENTIFY HOST-PATHOGEN INTERACTIONS AND DEVELOP MEDICAL COUNTERMEASURES TO STEM OUTBREAKS,NONNEGATIVE MATRIX FACTORIZATION APPROACH TO IDENTIFY HOST-PATHOGEN INTERACTIONSAND DEVELOP MEDICAL COUNTERMEASURES TO STEM OUTBREAKS,NON,NOT RECOVERY ACT,OMQ,PRIVATE INSTITUTION OF HIGHER EDUCATION;NONPROFIT WITH 501C3 IRS STATUS (OTHER THAN AN INSTITUTION OF HIGHER EDUCATION);FOR-PROFIT ORGANIZATION (OTHER THAN SMALL BUSINESS),,,C,REVISION,2,NON-AGGREGATE RECORD,,,,,,,,,,,https://www.usaspending.gov/award/ASST_NON_HDTRA12310001_097/,2024-09-04 15:35:43.135089+00,2024-09-04 15:35:43.135089+00
9761_HDTRA12310001_-NONE-_12.351_P00005,ASST_NON_HDTRA12310001_097,HDTRA12310001,P00005,,,0.00,1300000.00,,0.00,0.00,0.00,0.00,0.00,0.00,0.00,0.00,Q: Not Designated Nonemergency/Emergency/Disaster/Wildfire Suppression,,,,,2025-05-06,2025,2022-12-16,2025-12-31,097,Department of Defense,9761,Defense Threat Reduction Agency,HDTRA1,DEFENSE THREAT REDUCTION AGENCY,097,Department of Defense,9761,Defense Threat Reduction Agency,HDTRA1,DEFENSE THREAT REDUCTION AGENCY,097-2023/2024-0400-000;097-2024/2025-0400-000,097-0400,"41.0: Grants, subsidies, and contributions",0099: N/A,H7LMD1ANJNN4,,THE TRUSTEES OF THE UNIVERSITY OF PENNSYLVANIA,THE TRUSTEES OF THE UNIVERSITY OF PENNSYLVANIA,H7LMD1ANJNN4,,THE TRUSTEES OF THE UNIVERSITY OF PENNSYLVANIA,THE TRUSTEES OF THE UNIVERSITY OF PENNSYLVANIA,USA,UNITED STATES,3451 WALNUT STREET - ROOM 329,,60000,PHILADELPHIA,42101,PHILADELPHIA,42,PA,PENNSYLVANIA,19104,2653,PA-03,PA-03,,,,SINGLE ZIP CODE,USA,UNITED STATES,PA00000,PHILADELPHIA,42101,PHILADELPHIA,42,PENNSYLVANIA,191046205,PA-03,PA-03,,12.351,SCIENTIFIC RESEARCH - COMBATING WEAPONS OF MASS DESTRUCTION,HDTRA11424FRCWMDBAA,"THIS OPPORTUNITY SOLICITS IDEAS AND TOPIC-BASED WHITE PAPERS FOR LONG-TERM CHALLENGES THAT OFFER A SIGNIFICANT CONTRIBUTION TO: THE CURRENT BODY OF KNOWLEDGE, THE UNDERSTANDING OF PHENOMENA AND OBSERVABLE FACTS, SIGNIFICANTLY ADVANCE REVOLUTIONARY TECHNOLOGY, TO NEW CONCEPTS FOR TECHNOLOGY APPLICATION, OR THAT MAY HAVE IMPACT ON FUTURE C-WMD THREAT REDUCTION OR CAPABILITIES.",04,PROJECT GRANT (B),THIS AMENDMENT EXTENDS THE PERIOD OF PERFORMANCE OF CLIN 0001 AT NO ADDITIONAL COST TO THE GOVERNMENT.,NONNEGATIVE MATRIX FACTORIZATION APPROACH TO IDENTIFY HOST-PATHOGEN INTERACTIONSAND DEVELOP MEDICAL COUNTERMEASURES TO STEM OUTBREAKS,NON,NOT RECOVERY ACT,OMQ,PRIVATE INSTITUTION OF HIGHER EDUCATION;NONPROFIT WITH 501C3 IRS STATUS (OTHER THAN AN INSTITUTION OF HIGHER EDUCATION);FOR-PROFIT ORGANIZATION (OTHER THAN SMALL BUSINESS),,,C,REVISION,2,NON-AGGREGATE RECORD,,,,,,,,,,,https://www.usaspending.gov/award/ASST_NON_HDTRA12310001_097/,2025-05-21 12:54:19.513722+00,2025-05-21 12:54:19.513722+00
9761_HDTRA12310001_-NONE-_12.351_P00006,ASST_NON_HDTRA12310001_097,HDTRA12310001,P00006,,,0.00,1300000.00,,0.00,0.00,0.00,0.00,0.00,0.00,0.00,0.00,Q: Not Designated Nonemergency/Emergency/Disaster/Wildfire Suppression,,,,,2025-08-28,2025,2022-12-16,2025-12-31,097,Department of Defense,9761,Defense Threat Reduction Agency,HDTRA1,DEFENSE THREAT REDUCTION AGENCY,097,Department of Defense,9761,Defense Threat Reduction Agency,HDTRA1,DEFENSE THREAT REDUCTION AGENCY,097-2023/2024-0400-000;097-2024/2025-0400-000,097-0400,"41.0: Grants, subsidies, and contributions",0099: N/A,H7LMD1ANJNN4,,THE TRUSTEES OF THE UNIVERSITY OF PENNSYLVANIA,THE TRUSTEES OF THE UNIVERSITY OF PENNSYLVANIA,H7LMD1ANJNN4,,THE TRUSTEES OF THE UNIVERSITY OF PENNSYLVANIA,THE TRUSTEES OF THE UNIVERSITY OF PENNSYLVANIA,USA,UNITED STATES,3451 WALNUT STREET - ROOM 329,,60000,PHILADELPHIA,42101,PHILADELPHIA,42,PA,PENNSYLVANIA,19104,2653,PA-03,PA-03,,,,SINGLE ZIP CODE,USA,UNITED STATES,PA00000,PHILADELPHIA,42101,PHILADELPHIA,42,PENNSYLVANIA,191046205,PA-03,PA-03,,12.351,SCIENTIFIC RESEARCH - COMBATING WEAPONS OF MASS DESTRUCTION,HDTRA11424FRCWMDBAA,"THIS OPPORTUNITY SOLICITS IDEAS AND TOPIC-BASED WHITE PAPERS FOR LONG-TERM CHALLENGES THAT OFFER A SIGNIFICANT CONTRIBUTION TO: THE CURRENT BODY OF KNOWLEDGE, THE UNDERSTANDING OF PHENOMENA AND OBSERVABLE FACTS, SIGNIFICANTLY ADVANCE REVOLUTIONARY TECHNOLOGY, TO NEW CONCEPTS FOR TECHNOLOGY APPLICATION, OR THAT MAY HAVE IMPACT ON FUTURE C-WMD THREAT REDUCTION OR CAPABILITIES.",04,PROJECT GRANT (B),THIS ADMINISTRATIVE GRANT MODIFICATION IS ISSUED DUE TO DTRA'S MIGRATION FROM PD2 TO THE NEW CONTRACT WRITING SYSTEM THE ENTERPRISE CONTRACT WRITING MODULE (ECWM),NONNEGATIVE MATRIX FACTORIZATION APPROACH TO IDENTIFY HOST-PATHOGEN INTERACTIONSAND DEVELOP MEDICAL COUNTERMEASURES TO STEM OUTBREAKS,NON,NOT RECOVERY ACT,OMQ,PRIVATE INSTITUTION OF HIGHER EDUCATION;NONPROFIT WITH 501C3 IRS STATUS (OTHER THAN AN INSTITUTION OF HIGHER EDUCATION);FOR-PROFIT ORGANIZATION (OTHER THAN SMALL BUSINESS),,,C,REVISION,2,NON-AGGREGATE RECORD,,,,,,,,,,,https://www.usaspending.gov/award/ASST_NON_HDTRA12310001_097/,2025-09-04 03:06:39.684021+00,2025-09-04 03:06:39.684021+00
9761_HDTRA12310001_-NONE-_12.351_P00007,ASST_NON_HDTRA12310001_097,HDTRA12310001,P00007,,,300000.00,1300000.00,,0.00,0.00,0.00,0.00,0.00,0.00,0.00,300000.00,Q: Not Designated Nonemergency/Emergency/Disaster/Wildfire Suppression,,,,,2025-09-02,2025,2022-12-16,2027-09-04,097,Department of Defense,9761,Defense Threat Reduction Agency,HDTRA1,DEFENSE THREAT REDUCTION AGENCY,097,Department of Defense,9761,Defense Threat Reduction Agency,HDTRA1,DEFENSE THREAT REDUCTION AGENCY,097-2023/2024-0400-000;097-2024/2025-0400-000,097-0400,"41.0: Grants, subsidies, and contributions",0099: N/A,H7LMD1ANJNN4,,THE TRUSTEES OF THE UNIVERSITY OF PENNSYLVANIA,THE TRUSTEES OF THE UNIVERSITY OF PENNSYLVANIA,H7LMD1ANJNN4,,THE TRUSTEES OF THE UNIVERSITY OF PENNSYLVANIA,THE TRUSTEES OF THE UNIVERSITY OF PENNSYLVANIA,USA,UNITED STATES,3451 WALNUT STREET - ROOM 329,,60000,PHILADELPHIA,42101,PHILADELPHIA,42,PA,PENNSYLVANIA,19104,2653,PA-03,PA-03,,,,SINGLE ZIP CODE,USA,UNITED STATES,PA00000,PHILADELPHIA,42101,PHILADELPHIA,42,PENNSYLVANIA,191046205,PA-03,PA-03,,12.351,SCIENTIFIC RESEARCH - COMBATING WEAPONS OF MASS DESTRUCTION,HDTRA11424FRCWMDBAA,"THIS OPPORTUNITY SOLICITS IDEAS AND TOPIC-BASED WHITE PAPERS FOR LONG-TERM CHALLENGES THAT OFFER A SIGNIFICANT CONTRIBUTION TO: THE CURRENT BODY OF KNOWLEDGE, THE UNDERSTANDING OF PHENOMENA AND OBSERVABLE FACTS, SIGNIFICANTLY ADVANCE REVOLUTIONARY TECHNOLOGY, TO NEW CONCEPTS FOR TECHNOLOGY APPLICATION, OR THAT MAY HAVE IMPACT ON FUTURE C-WMD THREAT REDUCTION OR CAPABILITIES",04,PROJECT GRANT (B),THIS GRANT MODIFICATION EXERCISES CLIN 0002 AND ADDS INCREMENTAL FUNDING VIA SUBCLIN 000201. THE PERIOD OF PERFORMANCE IS ADJUSTED DUE TO THE EARLY OPTION EXERCISE.,NONNEGATIVE MATRIX FACTORIZATION APPROACH TO IDENTIFY HOST-PATHOGEN INTERACTIONSAND DEVELOP MEDICAL COUNTERMEASURES TO STEM OUTBREAKS,NON,NOT RECOVERY ACT,OMQ,PRIVATE INSTITUTION OF HIGHER EDUCATION;NONPROFIT WITH 501C3 IRS STATUS (OTHER THAN AN INSTITUTION OF HIGHER EDUCATION);FOR-PROFIT ORGANIZATION (OTHER THAN SMALL BUSINESS),,,C,REVISION,2,NON-AGGREGATE RECORD,,,,,,,,,,,https://www.usaspending.gov/award/ASST_NON_HDTRA12310001_097/,2025-09-04 03:06:39.684021+00,2025-09-04 03:06:39.684021+00
